Startup Name,Detected Incidents,Average Response Time (hrs),Vulnerability Score (0–10),Threat Score (0–100),Risk Level,AI Recommendation
AgroSmart_1,1,4.5,2.4,16.0,Low,Maintain patch cycle; SOC audits bi-annually
AlphaGuard_2,5,7.0,5.1,39.0,Low,Maintain patch cycle; SOC audits bi-annually
FinFlow_3,8,8.8,5.9,48.0,Medium,Train staff on phishing; deploy EDR tool update
FinFlow_4,5,6.2,5.0,39.0,Low,Maintain patch cycle; SOC audits bi-annually
LogiChain_5,8,6.4,4.7,41.0,Medium,Train staff on phishing; deploy EDR tool update
SecureOps_6,3,4.9,2.3,20.0,Low,Maintain patch cycle; SOC audits bi-annually
ZenithCyber_7,0,4.2,2.0,10.0,Low,Maintain patch cycle; SOC audits bi-annually
BioTrace_8,2,2.5,2.5,13.0,Low,Maintain patch cycle; SOC audits bi-annually
SafePay_9,9,9.9,6.2,51.0,Medium,Train staff on phishing; deploy EDR tool update
DataShield_10,9,7.6,6.7,47.0,Medium,Train staff on phishing; deploy EDR tool update
AgroSmart_11,13,20.3,8.8,84.0,High,Urgent audit; migrate to zero-trust network architecture
ZenithCyber_12,5,6.7,5.2,37.0,Low,Maintain patch cycle; SOC audits bi-annually
AlphaGuard_13,2,1.1,1.5,10.0,Low,Maintain patch cycle; SOC audits bi-annually
DataShield_14,2,2.0,1.8,15.0,Low,Maintain patch cycle; SOC audits bi-annually
LogiChain_15,0,1.6,1.3,10.0,Low,Maintain patch cycle; SOC audits bi-annually
BioTrace_16,2,2.1,2.5,12.0,Low,Maintain patch cycle; SOC audits bi-annually
AlphaGuard_17,5,6.8,6.5,41.0,Medium,Train staff on phishing; deploy EDR tool update
SecureOps_18,1,2.1,3.2,12.0,Low,Maintain patch cycle; SOC audits bi-annually
HealthAI_19,21,18.5,9.9,95.0,High,Urgent audit; migrate to zero-trust network architecture
CyberNet_20,7,6.6,6.3,44.0,Medium,Train staff on phishing; deploy EDR tool update
FinFlow_21,3,3.4,3.4,18.0,Low,Maintain patch cycle; SOC audits bi-annually
ZenithCyber_22,6,7.2,4.8,37.0,Low,Maintain patch cycle; SOC audits bi-annually
EcoTech_23,6,6.5,5.0,41.0,Medium,Train staff on phishing; deploy EDR tool update
CloudSecure_24,22,22.2,9.6,100.0,High,Urgent audit; migrate to zero-trust network architecture
EduSolve_25,5,6.1,6.9,43.0,Medium,Train staff on phishing; deploy EDR tool update
HealthAI_26,10,8.6,4.8,49.0,Medium,Train staff on phishing; deploy EDR tool update
EduSolve_27,7,6.6,4.5,39.0,Low,Maintain patch cycle; SOC audits bi-annually
HealthAI_28,10,10.6,6.8,53.0,Medium,Train staff on phishing; deploy EDR tool update
EduSolve_29,17,15.8,9.5,83.0,High,Urgent audit; migrate to zero-trust network architecture
InnoRisk_30,0,1.2,1.8,10.0,Low,Maintain patch cycle; SOC audits bi-annually
EduSolve_31,6,6.4,4.3,39.0,Low,Maintain patch cycle; SOC audits bi-annually
AlphaGuard_32,5,9.7,4.5,42.0,Medium,Train staff on phishing; deploy EDR tool update
InnoRisk_33,3,3.7,0.9,15.0,Low,Maintain patch cycle; SOC audits bi-annually
SecureOps_34,17,23.9,7.6,87.0,High,Urgent audit; migrate to zero-trust network architecture
LogiChain_35,5,8.0,4.3,39.0,Low,Maintain patch cycle; SOC audits bi-annually
AgroSmart_36,21,14.1,8.8,85.0,High,Urgent audit; migrate to zero-trust network architecture
SafePay_37,12,16.7,8.5,74.0,High,Urgent audit; migrate to zero-trust network architecture
EcoTech_38,5,9.2,6.3,41.0,Medium,Train staff on phishing; deploy EDR tool update
EcoTech_39,5,10.1,6.1,45.0,Medium,Train staff on phishing; deploy EDR tool update
InnoRisk_40,9,10.0,5.0,48.0,Medium,Train staff on phishing; deploy EDR tool update
DataShield_41,24,19.5,7.7,96.0,High,Urgent audit; migrate to zero-trust network architecture
EduSolve_42,20,20.7,8.7,93.0,High,Urgent audit; migrate to zero-trust network architecture
DataShield_43,12,12.4,8.2,66.0,Medium,Train staff on phishing; deploy EDR tool update
CyberNet_44,3,1.1,3.5,16.0,Low,Maintain patch cycle; SOC audits bi-annually
EcoTech_45,19,22.2,8.9,96.0,High,Urgent audit; migrate to zero-trust network architecture
DataShield_46,0,3.0,1.2,11.0,Low,Maintain patch cycle; SOC audits bi-annually
SecureOps_47,18,19.3,9.3,90.0,High,Urgent audit; migrate to zero-trust network architecture
LogiChain_48,19,17.4,9.5,86.0,High,Urgent audit; migrate to zero-trust network architecture
AlphaGuard_49,0,4.4,2.7,14.0,Low,Maintain patch cycle; SOC audits bi-annually
SecureOps_50,10,6.5,4.4,42.0,Medium,Train staff on phishing; deploy EDR tool update
SecureOps_51,16,20.3,9.4,85.0,High,Urgent audit; migrate to zero-trust network architecture
LogiChain_52,7,6.1,5.8,40.0,Low,Maintain patch cycle; SOC audits bi-annually
ZenithCyber_53,18,20.6,8.1,89.0,High,Urgent audit; migrate to zero-trust network architecture
InnoRisk_54,24,12.6,8.3,84.0,High,Urgent audit; migrate to zero-trust network architecture
FinFlow_55,7,6.8,6.6,45.0,Medium,Train staff on phishing; deploy EDR tool update
SecureOps_56,12,12.2,8.9,72.0,High,Urgent audit; migrate to zero-trust network architecture
LogiChain_57,7,8.4,6.1,47.0,Medium,Train staff on phishing; deploy EDR tool update
EduSolve_58,24,15.7,9.2,93.0,High,Urgent audit; migrate to zero-trust network architecture
FinFlow_59,0,4.8,1.8,15.0,Low,Maintain patch cycle; SOC audits bi-annually
InnoRisk_60,0,1.3,1.3,10.0,Low,Maintain patch cycle; SOC audits bi-annually
ZenithCyber_61,6,9.5,6.8,48.0,Medium,Train staff on phishing; deploy EDR tool update
InnoRisk_62,1,1.4,1.7,10.0,Low,Maintain patch cycle; SOC audits bi-annually
EcoTech_63,0,2.7,1.5,12.0,Low,Maintain patch cycle; SOC audits bi-annually
ZenithCyber_64,19,20.4,8.3,88.0,High,Urgent audit; migrate to zero-trust network architecture
ZenithCyber_65,6,7.3,4.9,37.0,Low,Maintain patch cycle; SOC audits bi-annually
AlphaGuard_66,9,9.0,5.7,49.0,Medium,Train staff on phishing; deploy EDR tool update
SecureOps_67,8,7.0,6.9,45.0,Medium,Train staff on phishing; deploy EDR tool update
HealthAI_68,1,2.6,2.5,12.0,Low,Maintain patch cycle; SOC audits bi-annually
FinFlow_69,7,8.8,4.3,40.0,Low,Maintain patch cycle; SOC audits bi-annually
EcoTech_70,6,7.9,5.3,44.0,Medium,Train staff on phishing; deploy EDR tool update
AgroSmart_71,22,16.5,8.3,91.0,High,Urgent audit; migrate to zero-trust network architecture
BioTrace_72,5,10.2,4.4,41.0,Medium,Train staff on phishing; deploy EDR tool update
BioTrace_73,0,4.2,1.7,13.0,Low,Maintain patch cycle; SOC audits bi-annually
ZenithCyber_74,2,2.7,0.9,10.0,Low,Maintain patch cycle; SOC audits bi-annually
SafePay_75,8,8.1,4.8,42.0,Medium,Train staff on phishing; deploy EDR tool update
ZenithCyber_76,6,9.1,4.6,41.0,Medium,Train staff on phishing; deploy EDR tool update
AgroSmart_77,5,8.9,5.4,42.0,Medium,Train staff on phishing; deploy EDR tool update
SecureOps_78,9,10.1,5.8,51.0,Medium,Train staff on phishing; deploy EDR tool update
EduSolve_79,6,10.5,4.5,40.0,Low,Maintain patch cycle; SOC audits bi-annually
LogiChain_80,14,17.7,8.7,81.0,High,Urgent audit; migrate to zero-trust network architecture
ZenithCyber_81,8,10.9,5.9,50.0,Medium,Train staff on phishing; deploy EDR tool update
HealthAI_82,2,2.0,1.3,10.0,Low,Maintain patch cycle; SOC audits bi-annually
SafePay_83,9,8.3,5.3,45.0,Medium,Train staff on phishing; deploy EDR tool update
InnoRisk_84,2,4.4,0.7,12.0,Low,Maintain patch cycle; SOC audits bi-annually
LogiChain_85,2,4.5,1.9,14.0,Low,Maintain patch cycle; SOC audits bi-annually
CyberNet_86,5,10.5,5.8,42.0,Medium,Train staff on phishing; deploy EDR tool update
DataShield_87,6,10.6,6.6,45.0,Medium,Train staff on phishing; deploy EDR tool update
EduSolve_88,1,1.5,2.1,11.0,Low,Maintain patch cycle; SOC audits bi-annually
ZenithCyber_89,16,20.3,8.4,84.0,High,Urgent audit; migrate to zero-trust network architecture
EduSolve_90,3,1.8,1.2,11.0,Low,Maintain patch cycle; SOC audits bi-annually
AlphaGuard_91,14,17.3,8.1,77.0,High,Urgent audit; migrate to zero-trust network architecture
InnoRisk_92,14,16.9,7.7,76.0,High,Urgent audit; migrate to zero-trust network architecture
EcoTech_93,5,10.3,5.1,44.0,Medium,Train staff on phishing; deploy EDR tool update
DataShield_94,7,10.4,4.4,42.0,Medium,Train staff on phishing; deploy EDR tool update
EduSolve_95,19,14.7,8.7,82.0,High,Urgent audit; migrate to zero-trust network architecture
InnoRisk_96,10,8.1,4.7,44.0,Medium,Train staff on phishing; deploy EDR tool update
EcoTech_97,16,20.4,7.8,86.0,High,Urgent audit; migrate to zero-trust network architecture
EcoTech_98,19,12.5,7.7,78.0,High,Urgent audit; migrate to zero-trust network architecture
HealthAI_99,24,20.5,8.8,97.0,High,Urgent audit; migrate to zero-trust network architecture
BioTrace_100,2,4.0,1.4,16.0,Low,Maintain patch cycle; SOC audits bi-annually
AlphaGuard_101,6,7.1,5.9,40.0,Low,Maintain patch cycle; SOC audits bi-annually
DataShield_102,6,6.2,4.5,34.0,Low,Maintain patch cycle; SOC audits bi-annually
FinFlow_103,3,1.3,1.9,14.0,Low,Maintain patch cycle; SOC audits bi-annually
HealthAI_104,8,9.2,5.0,46.0,Medium,Train staff on phishing; deploy EDR tool update
BioTrace_105,21,13.3,9.5,86.0,High,Urgent audit; migrate to zero-trust network architecture
EduSolve_106,2,1.6,2.0,13.0,Low,Maintain patch cycle; SOC audits bi-annually
LogiChain_107,8,7.5,6.2,48.0,Medium,Train staff on phishing; deploy EDR tool update
CloudSecure_108,10,7.7,4.3,44.0,Medium,Train staff on phishing; deploy EDR tool update
SafePay_109,2,4.7,0.6,15.0,Low,Maintain patch cycle; SOC audits bi-annually
CloudSecure_110,10,10.7,5.3,51.0,Medium,Train staff on phishing; deploy EDR tool update
CloudSecure_111,7,9.5,6.2,48.0,Medium,Train staff on phishing; deploy EDR tool update
InnoRisk_112,16,20.1,8.4,83.0,High,Urgent audit; migrate to zero-trust network architecture
AlphaGuard_113,2,1.7,3.3,15.0,Low,Maintain patch cycle; SOC audits bi-annually
SafePay_114,5,6.5,5.9,39.0,Low,Maintain patch cycle; SOC audits bi-annually
EduSolve_115,5,10.8,4.7,41.0,Medium,Train staff on phishing; deploy EDR tool update
CloudSecure_116,3,4.7,2.7,19.0,Low,Maintain patch cycle; SOC audits bi-annually
BioTrace_117,2,3.1,0.6,10.0,Low,Maintain patch cycle; SOC audits bi-annually
HealthAI_118,9,10.5,5.1,47.0,Medium,Train staff on phishing; deploy EDR tool update
HealthAI_119,9,8.6,5.6,50.0,Medium,Train staff on phishing; deploy EDR tool update
EduSolve_120,6,7.9,4.8,37.0,Low,Maintain patch cycle; SOC audits bi-annually
FinFlow_121,6,6.5,6.5,45.0,Medium,Train staff on phishing; deploy EDR tool update
HealthAI_122,20,20.5,9.3,93.0,High,Urgent audit; migrate to zero-trust network architecture
EduSolve_123,17,16.0,8.2,81.0,High,Urgent audit; migrate to zero-trust network architecture
CloudSecure_124,6,10.5,5.2,43.0,Medium,Train staff on phishing; deploy EDR tool update
DataShield_125,19,17.1,9.6,87.0,High,Urgent audit; migrate to zero-trust network architecture
AlphaGuard_126,14,14.9,8.2,76.0,High,Urgent audit; migrate to zero-trust network architecture
AlphaGuard_127,1,2.2,2.3,15.0,Low,Maintain patch cycle; SOC audits bi-annually
SecureOps_128,6,10.0,5.6,46.0,Medium,Train staff on phishing; deploy EDR tool update
SecureOps_129,9,8.8,5.9,51.0,Medium,Train staff on phishing; deploy EDR tool update
HealthAI_130,1,1.4,2.0,11.0,Low,Maintain patch cycle; SOC audits bi-annually
BioTrace_131,24,13.5,9.6,91.0,High,Urgent audit; migrate to zero-trust network architecture
EcoTech_132,3,3.6,1.5,16.0,Low,Maintain patch cycle; SOC audits bi-annually
EcoTech_133,21,16.1,8.6,86.0,High,Urgent audit; migrate to zero-trust network architecture
DataShield_134,9,7.6,6.3,47.0,Medium,Train staff on phishing; deploy EDR tool update
BioTrace_135,18,12.5,7.8,77.0,High,Urgent audit; migrate to zero-trust network architecture
AgroSmart_136,7,9.5,6.6,49.0,Medium,Train staff on phishing; deploy EDR tool update
EcoTech_137,9,7.7,4.7,46.0,Medium,Train staff on phishing; deploy EDR tool update
AgroSmart_138,7,6.6,5.3,41.0,Medium,Train staff on phishing; deploy EDR tool update
InnoRisk_139,12,12.2,7.8,71.0,High,Urgent audit; migrate to zero-trust network architecture
AlphaGuard_140,17,18.2,8.6,85.0,High,Urgent audit; migrate to zero-trust network architecture
CyberNet_141,9,7.6,5.2,42.0,Medium,Train staff on phishing; deploy EDR tool update
CloudSecure_142,1,2.6,1.1,10.0,Low,Maintain patch cycle; SOC audits bi-annually
CyberNet_143,5,9.6,6.4,42.0,Medium,Train staff on phishing; deploy EDR tool update
BioTrace_144,0,1.3,0.9,10.0,Low,Maintain patch cycle; SOC audits bi-annually
EduSolve_145,6,6.1,5.2,39.0,Low,Maintain patch cycle; SOC audits bi-annually
BioTrace_146,24,18.6,8.5,94.0,High,Urgent audit; migrate to zero-trust network architecture
ZenithCyber_147,3,4.3,1.3,14.0,Low,Maintain patch cycle; SOC audits bi-annually
AgroSmart_148,6,6.1,6.5,42.0,Medium,Train staff on phishing; deploy EDR tool update
EduSolve_149,24,23.0,8.9,99.0,High,Urgent audit; migrate to zero-trust network architecture
ZenithCyber_150,10,9.0,5.1,49.0,Medium,Train staff on phishing; deploy EDR tool update
LogiChain_151,6,8.3,5.6,42.0,Medium,Train staff on phishing; deploy EDR tool update
EcoTech_152,20,20.8,8.2,89.0,High,Urgent audit; migrate to zero-trust network architecture
CyberNet_153,0,4.0,1.7,10.0,Low,Maintain patch cycle; SOC audits bi-annually
EcoTech_154,0,4.2,2.5,15.0,Low,Maintain patch cycle; SOC audits bi-annually
DataShield_155,8,6.4,6.5,46.0,Medium,Train staff on phishing; deploy EDR tool update
AgroSmart_156,0,2.6,2.5,14.0,Low,Maintain patch cycle; SOC audits bi-annually
CyberNet_157,8,8.4,6.6,48.0,Medium,Train staff on phishing; deploy EDR tool update
LogiChain_158,1,1.7,1.8,12.0,Low,Maintain patch cycle; SOC audits bi-annually
InnoRisk_159,10,10.2,4.6,49.0,Medium,Train staff on phishing; deploy EDR tool update
LogiChain_160,6,7.3,4.6,39.0,Low,Maintain patch cycle; SOC audits bi-annually
HealthAI_161,23,20.9,8.0,96.0,High,Urgent audit; migrate to zero-trust network architecture
EduSolve_162,12,15.0,9.5,73.0,High,Urgent audit; migrate to zero-trust network architecture
CyberNet_163,9,8.1,6.8,48.0,Medium,Train staff on phishing; deploy EDR tool update
AlphaGuard_164,9,10.3,4.7,46.0,Medium,Train staff on phishing; deploy EDR tool update
DataShield_165,1,1.6,1.8,12.0,Low,Maintain patch cycle; SOC audits bi-annually
CyberNet_166,7,7.9,5.3,45.0,Medium,Train staff on phishing; deploy EDR tool update
FinFlow_167,18,16.0,10.0,87.0,High,Urgent audit; migrate to zero-trust network architecture
LogiChain_168,7,6.4,5.1,39.0,Low,Maintain patch cycle; SOC audits bi-annually
LogiChain_169,24,23.6,9.5,100.0,High,Urgent audit; migrate to zero-trust network architecture
FinFlow_170,2,4.0,0.6,10.0,Low,Maintain patch cycle; SOC audits bi-annually
CyberNet_171,2,3.9,1.5,15.0,Low,Maintain patch cycle; SOC audits bi-annually
LogiChain_172,18,14.0,7.6,79.0,High,Urgent audit; migrate to zero-trust network architecture
CloudSecure_173,10,10.6,6.3,51.0,Medium,Train staff on phishing; deploy EDR tool update
SecureOps_174,3,4.0,0.6,11.0,Low,Maintain patch cycle; SOC audits bi-annually
AgroSmart_175,2,4.0,0.9,15.0,Low,Maintain patch cycle; SOC audits bi-annually
DataShield_176,22,22.2,9.1,100.0,High,Urgent audit; migrate to zero-trust network architecture
EduSolve_177,3,4.6,1.1,16.0,Low,Maintain patch cycle; SOC audits bi-annually
EcoTech_178,14,12.8,8.8,76.0,High,Urgent audit; migrate to zero-trust network architecture
LogiChain_179,17,22.8,9.2,91.0,High,Urgent audit; migrate to zero-trust network architecture
AlphaGuard_180,3,4.2,2.8,22.0,Low,Maintain patch cycle; SOC audits bi-annually
ZenithCyber_181,5,9.2,4.0,36.0,Low,Maintain patch cycle; SOC audits bi-annually
ZenithCyber_182,3,3.4,3.5,20.0,Low,Maintain patch cycle; SOC audits bi-annually
CloudSecure_183,0,2.8,0.8,10.0,Low,Maintain patch cycle; SOC audits bi-annually
CyberNet_184,10,8.0,4.9,46.0,Medium,Train staff on phishing; deploy EDR tool update
EcoTech_185,23,17.7,9.7,98.0,High,Urgent audit; migrate to zero-trust network architecture
SafePay_186,19,13.0,9.4,82.0,High,Urgent audit; migrate to zero-trust network architecture
SecureOps_187,6,8.7,4.3,42.0,Medium,Train staff on phishing; deploy EDR tool update
EduSolve_188,23,21.8,9.7,100.0,High,Urgent audit; migrate to zero-trust network architecture
EduSolve_189,8,9.7,5.0,43.0,Medium,Train staff on phishing; deploy EDR tool update
LogiChain_190,17,14.7,9.5,86.0,High,Urgent audit; migrate to zero-trust network architecture
AlphaGuard_191,6,7.4,5.1,38.0,Low,Maintain patch cycle; SOC audits bi-annually
EcoTech_192,1,4.8,0.9,14.0,Low,Maintain patch cycle; SOC audits bi-annually
FinFlow_193,5,10.8,5.2,45.0,Medium,Train staff on phishing; deploy EDR tool update
FinFlow_194,7,9.2,6.4,50.0,Medium,Train staff on phishing; deploy EDR tool update
EcoTech_195,3,1.9,0.8,13.0,Low,Maintain patch cycle; SOC audits bi-annually
ZenithCyber_196,1,3.4,3.1,15.0,Low,Maintain patch cycle; SOC audits bi-annually
EduSolve_197,3,4.2,1.9,17.0,Low,Maintain patch cycle; SOC audits bi-annually
ZenithCyber_198,15,17.4,7.9,79.0,High,Urgent audit; migrate to zero-trust network architecture
LogiChain_199,22,17.0,7.9,88.0,High,Urgent audit; migrate to zero-trust network architecture
AgroSmart_200,3,3.7,2.0,19.0,Low,Maintain patch cycle; SOC audits bi-annually
EduSolve_201,2,1.8,2.6,13.0,Low,Maintain patch cycle; SOC audits bi-annually
FinFlow_202,0,4.0,1.7,10.0,Low,Maintain patch cycle; SOC audits bi-annually
DataShield_203,9,6.2,6.0,45.0,Medium,Train staff on phishing; deploy EDR tool update
SafePay_204,14,12.9,9.8,77.0,High,Urgent audit; migrate to zero-trust network architecture
BioTrace_205,12,23.8,9.5,89.0,High,Urgent audit; migrate to zero-trust network architecture
CloudSecure_206,1,1.2,1.0,10.0,Low,Maintain patch cycle; SOC audits bi-annually
EduSolve_207,0,3.3,1.8,12.0,Low,Maintain patch cycle; SOC audits bi-annually
FinFlow_208,6,9.6,5.9,43.0,Medium,Train staff on phishing; deploy EDR tool update
LogiChain_209,12,21.2,9.7,81.0,High,Urgent audit; migrate to zero-trust network architecture
InnoRisk_210,8,10.5,4.9,47.0,Medium,Train staff on phishing; deploy EDR tool update
EduSolve_211,10,7.2,4.8,45.0,Medium,Train staff on phishing; deploy EDR tool update
DataShield_212,23,17.7,8.0,89.0,High,Urgent audit; migrate to zero-trust network architecture
AlphaGuard_213,8,9.5,6.7,47.0,Medium,Train staff on phishing; deploy EDR tool update
AgroSmart_214,18,15.2,8.1,82.0,High,Urgent audit; migrate to zero-trust network architecture
BioTrace_215,8,10.7,5.9,52.0,Medium,Train staff on phishing; deploy EDR tool update
HealthAI_216,2,1.0,0.7,10.0,Low,Maintain patch cycle; SOC audits bi-annually
SecureOps_217,8,9.2,5.9,48.0,Medium,Train staff on phishing; deploy EDR tool update
HealthAI_218,0,3.4,2.4,10.0,Low,Maintain patch cycle; SOC audits bi-annually
AlphaGuard_219,7,9.3,5.0,44.0,Medium,Train staff on phishing; deploy EDR tool update
SecureOps_220,0,3.0,0.7,10.0,Low,Maintain patch cycle; SOC audits bi-annually
CyberNet_221,23,13.4,9.6,88.0,High,Urgent audit; migrate to zero-trust network architecture
AgroSmart_222,3,2.2,2.3,14.0,Low,Maintain patch cycle; SOC audits bi-annually
SecureOps_223,14,13.6,8.4,73.0,High,Urgent audit; migrate to zero-trust network architecture
FinFlow_224,7,8.8,6.5,47.0,Medium,Train staff on phishing; deploy EDR tool update
CloudSecure_225,8,10.6,6.0,50.0,Medium,Train staff on phishing; deploy EDR tool update
CloudSecure_226,3,4.4,3.2,21.0,Low,Maintain patch cycle; SOC audits bi-annually
SecureOps_227,16,12.6,9.5,79.0,High,Urgent audit; migrate to zero-trust network architecture
DataShield_228,12,22.9,9.2,87.0,High,Urgent audit; migrate to zero-trust network architecture
ZenithCyber_229,6,7.7,4.5,39.0,Low,Maintain patch cycle; SOC audits bi-annually
AgroSmart_230,8,7.4,6.2,47.0,Medium,Train staff on phishing; deploy EDR tool update
AgroSmart_231,17,12.3,7.9,73.0,High,Urgent audit; migrate to zero-trust network architecture
HealthAI_232,8,9.8,6.3,51.0,Medium,Train staff on phishing; deploy EDR tool update
ZenithCyber_233,3,1.8,2.1,16.0,Low,Maintain patch cycle; SOC audits bi-annually
AgroSmart_234,14,15.4,10.0,83.0,High,Urgent audit; migrate to zero-trust network architecture
LogiChain_235,10,8.9,6.4,51.0,Medium,Train staff on phishing; deploy EDR tool update
SafePay_236,2,2.9,2.3,14.0,Low,Maintain patch cycle; SOC audits bi-annually
AgroSmart_237,2,2.3,2.1,13.0,Low,Maintain patch cycle; SOC audits bi-annually
SafePay_238,21,13.7,9.8,90.0,High,Urgent audit; migrate to zero-trust network architecture
InnoRisk_239,5,10.5,6.8,45.0,Medium,Train staff on phishing; deploy EDR tool update
AlphaGuard_240,6,6.5,6.4,44.0,Medium,Train staff on phishing; deploy EDR tool update
BioTrace_241,2,1.4,1.4,10.0,Low,Maintain patch cycle; SOC audits bi-annually
LogiChain_242,10,6.1,6.9,52.0,Medium,Train staff on phishing; deploy EDR tool update
EduSolve_243,10,7.1,4.3,42.0,Medium,Train staff on phishing; deploy EDR tool update
FinFlow_244,5,10.2,4.9,38.0,Low,Maintain patch cycle; SOC audits bi-annually
AgroSmart_245,2,4.6,3.3,22.0,Low,Maintain patch cycle; SOC audits bi-annually
FinFlow_246,2,3.9,1.4,13.0,Low,Maintain patch cycle; SOC audits bi-annually
CloudSecure_247,5,9.5,4.8,41.0,Medium,Train staff on phishing; deploy EDR tool update
CloudSecure_248,6,7.1,4.1,39.0,Low,Maintain patch cycle; SOC audits bi-annually
FinFlow_249,6,7.9,4.3,39.0,Low,Maintain patch cycle; SOC audits bi-annually
CyberNet_250,6,7.1,5.0,41.0,Medium,Train staff on phishing; deploy EDR tool update
CyberNet_251,9,10.1,4.8,46.0,Medium,Train staff on phishing; deploy EDR tool update
EcoTech_252,3,2.1,2.1,16.0,Low,Maintain patch cycle; SOC audits bi-annually
FinFlow_253,12,12.8,7.8,67.0,Medium,Train staff on phishing; deploy EDR tool update
BioTrace_254,21,16.5,7.5,83.0,High,Urgent audit; migrate to zero-trust network architecture
ZenithCyber_255,22,18.6,7.6,90.0,High,Urgent audit; migrate to zero-trust network architecture
ZenithCyber_256,14,15.1,9.5,77.0,High,Urgent audit; migrate to zero-trust network architecture
EduSolve_257,8,6.3,4.4,41.0,Medium,Train staff on phishing; deploy EDR tool update
EduSolve_258,0,2.8,2.4,14.0,Low,Maintain patch cycle; SOC audits bi-annually
ZenithCyber_259,7,10.3,6.9,48.0,Medium,Train staff on phishing; deploy EDR tool update
BioTrace_260,5,8.1,6.5,43.0,Medium,Train staff on phishing; deploy EDR tool update
InnoRisk_261,10,7.0,6.3,48.0,Medium,Train staff on phishing; deploy EDR tool update
LogiChain_262,20,17.4,8.3,87.0,High,Urgent audit; migrate to zero-trust network architecture
SafePay_263,17,16.8,9.2,87.0,High,Urgent audit; migrate to zero-trust network architecture
AlphaGuard_264,12,18.2,8.9,78.0,High,Urgent audit; migrate to zero-trust network architecture
LogiChain_265,14,12.4,9.2,73.0,High,Urgent audit; migrate to zero-trust network architecture
CyberNet_266,19,18.2,9.1,88.0,High,Urgent audit; migrate to zero-trust network architecture
AgroSmart_267,21,21.3,7.5,94.0,High,Urgent audit; migrate to zero-trust network architecture
LogiChain_268,6,8.1,6.7,45.0,Medium,Train staff on phishing; deploy EDR tool update
ZenithCyber_269,3,4.1,3.0,22.0,Low,Maintain patch cycle; SOC audits bi-annually
ZenithCyber_270,8,6.3,5.5,45.0,Medium,Train staff on phishing; deploy EDR tool update
SafePay_271,16,12.7,9.4,76.0,High,Urgent audit; migrate to zero-trust network architecture
LogiChain_272,13,16.8,7.8,75.0,High,Urgent audit; migrate to zero-trust network architecture
ZenithCyber_273,0,2.5,0.9,10.0,Low,Maintain patch cycle; SOC audits bi-annually
DataShield_274,9,8.7,5.1,49.0,Medium,Train staff on phishing; deploy EDR tool update
AlphaGuard_275,9,7.8,6.6,50.0,Medium,Train staff on phishing; deploy EDR tool update
DataShield_276,0,1.6,3.3,11.0,Low,Maintain patch cycle; SOC audits bi-annually
AlphaGuard_277,3,2.4,1.2,13.0,Low,Maintain patch cycle; SOC audits bi-annually
EcoTech_278,15,16.8,9.4,85.0,High,Urgent audit; migrate to zero-trust network architecture
AgroSmart_279,20,18.0,8.9,87.0,High,Urgent audit; migrate to zero-trust network architecture
EcoTech_280,7,8.4,6.0,47.0,Medium,Train staff on phishing; deploy EDR tool update
FinFlow_281,0,1.7,1.2,10.0,Low,Maintain patch cycle; SOC audits bi-annually
LogiChain_282,13,14.2,9.5,78.0,High,Urgent audit; migrate to zero-trust network architecture
SecureOps_283,15,13.2,9.6,75.0,High,Urgent audit; migrate to zero-trust network architecture
SafePay_284,0,2.5,2.2,12.0,Low,Maintain patch cycle; SOC audits bi-annually
FinFlow_285,21,23.9,8.0,97.0,High,Urgent audit; migrate to zero-trust network architecture
SecureOps_286,3,3.5,1.8,15.0,Low,Maintain patch cycle; SOC audits bi-annually
AgroSmart_287,3,3.2,2.2,17.0,Low,Maintain patch cycle; SOC audits bi-annually
InnoRisk_288,6,8.2,6.5,47.0,Medium,Train staff on phishing; deploy EDR tool update
AlphaGuard_289,1,4.6,2.1,13.0,Low,Maintain patch cycle; SOC audits bi-annually
AlphaGuard_290,1,2.5,0.9,11.0,Low,Maintain patch cycle; SOC audits bi-annually
AlphaGuard_291,19,13.8,8.6,80.0,High,Urgent audit; migrate to zero-trust network architecture
AgroSmart_292,10,7.6,5.3,46.0,Medium,Train staff on phishing; deploy EDR tool update
AgroSmart_293,19,13.2,8.7,82.0,High,Urgent audit; migrate to zero-trust network architecture
SecureOps_294,6,10.2,4.1,41.0,Medium,Train staff on phishing; deploy EDR tool update
DataShield_295,8,7.4,4.7,39.0,Low,Maintain patch cycle; SOC audits bi-annually
BioTrace_296,16,15.9,8.2,82.0,High,Urgent audit; migrate to zero-trust network architecture
LogiChain_297,0,2.6,0.5,10.0,Low,Maintain patch cycle; SOC audits bi-annually
HealthAI_298,8,8.6,4.9,42.0,Medium,Train staff on phishing; deploy EDR tool update
SafePay_299,12,13.9,7.6,69.0,Medium,Train staff on phishing; deploy EDR tool update
CyberNet_300,18,14.9,9.7,82.0,High,Urgent audit; migrate to zero-trust network architecture
HealthAI_301,14,14.6,10.0,79.0,High,Urgent audit; migrate to zero-trust network architecture
EcoTech_302,1,3.8,3.0,17.0,Low,Maintain patch cycle; SOC audits bi-annually
EcoTech_303,7,7.0,6.0,41.0,Medium,Train staff on phishing; deploy EDR tool update
FinFlow_304,7,7.9,7.0,48.0,Medium,Train staff on phishing; deploy EDR tool update
DataShield_305,23,12.3,9.6,88.0,High,Urgent audit; migrate to zero-trust network architecture
SafePay_306,2,2.6,1.5,13.0,Low,Maintain patch cycle; SOC audits bi-annually
InnoRisk_307,9,8.8,5.7,49.0,Medium,Train staff on phishing; deploy EDR tool update
SecureOps_308,9,6.8,6.1,45.0,Medium,Train staff on phishing; deploy EDR tool update
AlphaGuard_309,5,6.1,5.9,41.0,Medium,Train staff on phishing; deploy EDR tool update
LogiChain_310,23,19.4,8.6,95.0,High,Urgent audit; migrate to zero-trust network architecture
AlphaGuard_311,9,9.5,5.9,52.0,Medium,Train staff on phishing; deploy EDR tool update
FinFlow_312,1,1.4,3.3,15.0,Low,Maintain patch cycle; SOC audits bi-annually
AlphaGuard_313,9,6.4,5.1,41.0,Medium,Train staff on phishing; deploy EDR tool update
DataShield_314,5,10.6,4.2,41.0,Medium,Train staff on phishing; deploy EDR tool update
FinFlow_315,5,10.5,4.4,40.0,Low,Maintain patch cycle; SOC audits bi-annually
EduSolve_316,16,13.2,9.5,77.0,High,Urgent audit; migrate to zero-trust network architecture
EcoTech_317,18,23.7,8.6,94.0,High,Urgent audit; migrate to zero-trust network architecture
ZenithCyber_318,8,7.8,6.8,45.0,Medium,Train staff on phishing; deploy EDR tool update
BioTrace_319,8,7.9,5.7,47.0,Medium,Train staff on phishing; deploy EDR tool update
AgroSmart_320,12,13.3,9.7,74.0,High,Urgent audit; migrate to zero-trust network architecture
EduSolve_321,0,1.2,2.6,11.0,Low,Maintain patch cycle; SOC audits bi-annually
DataShield_322,16,15.8,9.8,82.0,High,Urgent audit; migrate to zero-trust network architecture
CyberNet_323,2,3.1,3.3,16.0,Low,Maintain patch cycle; SOC audits bi-annually
FinFlow_324,3,2.6,1.4,13.0,Low,Maintain patch cycle; SOC audits bi-annually
AgroSmart_325,17,22.1,8.6,90.0,High,Urgent audit; migrate to zero-trust network architecture
SafePay_326,3,3.3,2.4,19.0,Low,Maintain patch cycle; SOC audits bi-annually
EduSolve_327,6,9.8,6.9,48.0,Medium,Train staff on phishing; deploy EDR tool update
DataShield_328,10,8.4,6.3,52.0,Medium,Train staff on phishing; deploy EDR tool update
CloudSecure_329,8,6.3,5.2,42.0,Medium,Train staff on phishing; deploy EDR tool update
EduSolve_330,8,6.0,5.2,43.0,Medium,Train staff on phishing; deploy EDR tool update
CloudSecure_331,9,6.9,4.4,40.0,Low,Maintain patch cycle; SOC audits bi-annually
DataShield_332,7,7.0,6.5,44.0,Medium,Train staff on phishing; deploy EDR tool update
DataShield_333,12,15.4,8.9,76.0,High,Urgent audit; migrate to zero-trust network architecture
ZenithCyber_334,6,9.1,5.8,46.0,Medium,Train staff on phishing; deploy EDR tool update
SecureOps_335,5,8.5,6.8,43.0,Medium,Train staff on phishing; deploy EDR tool update
AlphaGuard_336,6,6.3,4.5,39.0,Low,Maintain patch cycle; SOC audits bi-annually
FinFlow_337,22,19.0,9.5,95.0,High,Urgent audit; migrate to zero-trust network architecture
EcoTech_338,2,2.3,2.6,16.0,Low,Maintain patch cycle; SOC audits bi-annually
AgroSmart_339,1,2.7,2.8,15.0,Low,Maintain patch cycle; SOC audits bi-annually
InnoRisk_340,5,8.2,4.6,41.0,Medium,Train staff on phishing; deploy EDR tool update
AlphaGuard_341,3,1.7,2.1,14.0,Low,Maintain patch cycle; SOC audits bi-annually
SafePay_342,8,7.8,5.9,46.0,Medium,Train staff on phishing; deploy EDR tool update
HealthAI_343,10,9.1,4.3,44.0,Medium,Train staff on phishing; deploy EDR tool update
SecureOps_344,6,10.0,6.0,47.0,Medium,Train staff on phishing; deploy EDR tool update
BioTrace_345,3,4.2,2.8,18.0,Low,Maintain patch cycle; SOC audits bi-annually
SafePay_346,6,10.4,5.9,47.0,Medium,Train staff on phishing; deploy EDR tool update
DataShield_347,3,4.8,1.2,14.0,Low,Maintain patch cycle; SOC audits bi-annually
LogiChain_348,10,6.5,5.7,49.0,Medium,Train staff on phishing; deploy EDR tool update
ZenithCyber_349,16,14.5,8.5,77.0,High,Urgent audit; migrate to zero-trust network architecture
FinFlow_350,0,2.5,3.0,15.0,Low,Maintain patch cycle; SOC audits bi-annually
BioTrace_351,2,2.3,1.8,12.0,Low,Maintain patch cycle; SOC audits bi-annually
EduSolve_352,8,8.0,6.9,45.0,Medium,Train staff on phishing; deploy EDR tool update
CyberNet_353,5,9.2,6.6,44.0,Medium,Train staff on phishing; deploy EDR tool update
LogiChain_354,3,1.1,3.1,16.0,Low,Maintain patch cycle; SOC audits bi-annually
HealthAI_355,2,4.5,3.1,20.0,Low,Maintain patch cycle; SOC audits bi-annually
SafePay_356,2,1.5,2.8,13.0,Low,Maintain patch cycle; SOC audits bi-annually
ZenithCyber_357,6,10.4,4.8,46.0,Medium,Train staff on phishing; deploy EDR tool update
BioTrace_358,20,23.4,8.1,94.0,High,Urgent audit; migrate to zero-trust network architecture
HealthAI_359,8,8.7,5.9,50.0,Medium,Train staff on phishing; deploy EDR tool update
AgroSmart_360,8,9.8,4.9,44.0,Medium,Train staff on phishing; deploy EDR tool update
EcoTech_361,15,21.6,8.1,85.0,High,Urgent audit; migrate to zero-trust network architecture
BioTrace_362,8,6.5,4.8,39.0,Low,Maintain patch cycle; SOC audits bi-annually
DataShield_363,9,10.2,4.8,48.0,Medium,Train staff on phishing; deploy EDR tool update
EduSolve_364,1,3.0,1.5,10.0,Low,Maintain patch cycle; SOC audits bi-annually
LogiChain_365,18,19.0,8.6,87.0,High,Urgent audit; migrate to zero-trust network architecture
AlphaGuard_366,6,6.3,6.9,43.0,Medium,Train staff on phishing; deploy EDR tool update
FinFlow_367,1,2.4,2.3,11.0,Low,Maintain patch cycle; SOC audits bi-annually
LogiChain_368,8,6.5,6.1,42.0,Medium,Train staff on phishing; deploy EDR tool update
AgroSmart_369,22,23.3,9.4,100.0,High,Urgent audit; migrate to zero-trust network architecture
SecureOps_370,16,13.9,9.4,82.0,High,Urgent audit; migrate to zero-trust network architecture
SecureOps_371,2,1.9,3.3,17.0,Low,Maintain patch cycle; SOC audits bi-annually
CloudSecure_372,24,16.0,8.4,92.0,High,Urgent audit; migrate to zero-trust network architecture
FinFlow_373,7,10.8,6.2,51.0,Medium,Train staff on phishing; deploy EDR tool update
SecureOps_374,7,8.6,6.4,45.0,Medium,Train staff on phishing; deploy EDR tool update
SecureOps_375,0,3.5,1.9,14.0,Low,Maintain patch cycle; SOC audits bi-annually
AlphaGuard_376,7,9.8,6.4,48.0,Medium,Train staff on phishing; deploy EDR tool update
BioTrace_377,19,22.8,9.4,93.0,High,Urgent audit; migrate to zero-trust network architecture
BioTrace_378,7,10.3,4.0,45.0,Medium,Train staff on phishing; deploy EDR tool update
BioTrace_379,0,1.4,1.2,10.0,Low,Maintain patch cycle; SOC audits bi-annually
HealthAI_380,2,4.8,2.5,16.0,Low,Maintain patch cycle; SOC audits bi-annually
FinFlow_381,0,3.0,1.1,10.0,Low,Maintain patch cycle; SOC audits bi-annually
CloudSecure_382,22,20.8,7.9,95.0,High,Urgent audit; migrate to zero-trust network architecture
EcoTech_383,1,1.9,0.9,10.0,Low,Maintain patch cycle; SOC audits bi-annually
CyberNet_384,2,3.1,1.9,13.0,Low,Maintain patch cycle; SOC audits bi-annually
ZenithCyber_385,0,3.2,3.4,17.0,Low,Maintain patch cycle; SOC audits bi-annually
InnoRisk_386,9,10.5,5.1,48.0,Medium,Train staff on phishing; deploy EDR tool update
CyberNet_387,9,7.9,5.3,46.0,Medium,Train staff on phishing; deploy EDR tool update
ZenithCyber_388,0,1.1,3.3,14.0,Low,Maintain patch cycle; SOC audits bi-annually
CloudSecure_389,5,7.0,6.9,40.0,Low,Maintain patch cycle; SOC audits bi-annually
BioTrace_390,10,7.2,5.7,47.0,Medium,Train staff on phishing; deploy EDR tool update
HealthAI_391,12,13.1,8.2,68.0,Medium,Train staff on phishing; deploy EDR tool update
BioTrace_392,19,21.8,8.3,89.0,High,Urgent audit; migrate to zero-trust network architecture
InnoRisk_393,7,10.0,6.2,48.0,Medium,Train staff on phishing; deploy EDR tool update
EcoTech_394,7,9.8,6.9,52.0,Medium,Train staff on phishing; deploy EDR tool update
EcoTech_395,8,7.4,7.0,46.0,Medium,Train staff on phishing; deploy EDR tool update
AlphaGuard_396,0,2.5,1.5,10.0,Low,Maintain patch cycle; SOC audits bi-annually
ZenithCyber_397,9,6.3,6.0,47.0,Medium,Train staff on phishing; deploy EDR tool update
LogiChain_398,8,8.6,4.6,40.0,Low,Maintain patch cycle; SOC audits bi-annually
ZenithCyber_399,10,7.8,5.5,45.0,Medium,Train staff on phishing; deploy EDR tool update
EcoTech_400,7,6.1,6.3,40.0,Low,Maintain patch cycle; SOC audits bi-annually
FinFlow_401,8,9.0,5.7,45.0,Medium,Train staff on phishing; deploy EDR tool update
HealthAI_402,5,10.7,4.9,42.0,Medium,Train staff on phishing; deploy EDR tool update
ZenithCyber_403,9,8.7,5.4,45.0,Medium,Train staff on phishing; deploy EDR tool update
EduSolve_404,1,4.0,3.0,19.0,Low,Maintain patch cycle; SOC audits bi-annually
HealthAI_405,2,2.1,2.6,15.0,Low,Maintain patch cycle; SOC audits bi-annually
FinFlow_406,20,15.2,9.6,85.0,High,Urgent audit; migrate to zero-trust network architecture
InnoRisk_407,6,10.4,5.0,46.0,Medium,Train staff on phishing; deploy EDR tool update
EduSolve_408,5,8.6,4.8,38.0,Low,Maintain patch cycle; SOC audits bi-annually
BioTrace_409,14,18.5,8.5,83.0,High,Urgent audit; migrate to zero-trust network architecture
CyberNet_410,1,1.6,1.7,11.0,Low,Maintain patch cycle; SOC audits bi-annually
InnoRisk_411,5,7.5,4.9,39.0,Low,Maintain patch cycle; SOC audits bi-annually
CyberNet_412,6,10.6,6.5,45.0,Medium,Train staff on phishing; deploy EDR tool update
LogiChain_413,14,18.2,8.5,82.0,High,Urgent audit; migrate to zero-trust network architecture
EduSolve_414,1,3.7,2.5,16.0,Low,Maintain patch cycle; SOC audits bi-annually
FinFlow_415,8,6.9,6.4,48.0,Medium,Train staff on phishing; deploy EDR tool update
CyberNet_416,21,20.8,8.7,92.0,High,Urgent audit; migrate to zero-trust network architecture
AgroSmart_417,13,15.9,9.1,76.0,High,Urgent audit; migrate to zero-trust network architecture
SecureOps_418,10,10.1,4.1,45.0,Medium,Train staff on phishing; deploy EDR tool update
DataShield_419,21,13.6,8.8,88.0,High,Urgent audit; migrate to zero-trust network architecture
EcoTech_420,1,3.2,1.1,12.0,Low,Maintain patch cycle; SOC audits bi-annually
SafePay_421,3,2.7,3.2,16.0,Low,Maintain patch cycle; SOC audits bi-annually
DataShield_422,7,7.0,5.2,40.0,Low,Maintain patch cycle; SOC audits bi-annually
HealthAI_423,8,7.4,5.7,47.0,Medium,Train staff on phishing; deploy EDR tool update
ZenithCyber_424,1,4.6,1.8,15.0,Low,Maintain patch cycle; SOC audits bi-annually
CloudSecure_425,8,8.9,6.3,46.0,Medium,Train staff on phishing; deploy EDR tool update
EduSolve_426,7,6.2,6.2,41.0,Medium,Train staff on phishing; deploy EDR tool update
BioTrace_427,3,3.4,1.6,14.0,Low,Maintain patch cycle; SOC audits bi-annually
EduSolve_428,18,17.9,9.3,87.0,High,Urgent audit; migrate to zero-trust network architecture
SafePay_429,16,22.1,7.5,87.0,High,Urgent audit; migrate to zero-trust network architecture
EcoTech_430,6,7.0,4.3,37.0,Low,Maintain patch cycle; SOC audits bi-annually
InnoRisk_431,0,4.5,1.8,13.0,Low,Maintain patch cycle; SOC audits bi-annually
ZenithCyber_432,13,12.4,9.0,73.0,High,Urgent audit; migrate to zero-trust network architecture
FinFlow_433,7,7.9,7.0,45.0,Medium,Train staff on phishing; deploy EDR tool update
CyberNet_434,1,2.5,1.5,13.0,Low,Maintain patch cycle; SOC audits bi-annually
CloudSecure_435,7,10.3,6.3,48.0,Medium,Train staff on phishing; deploy EDR tool update
HealthAI_436,2,1.7,3.0,14.0,Low,Maintain patch cycle; SOC audits bi-annually
CyberNet_437,20,13.8,9.0,84.0,High,Urgent audit; migrate to zero-trust network architecture
LogiChain_438,6,10.9,4.8,41.0,Medium,Train staff on phishing; deploy EDR tool update
SecureOps_439,21,21.4,9.3,95.0,High,Urgent audit; migrate to zero-trust network architecture
HealthAI_440,21,18.8,7.9,88.0,High,Urgent audit; migrate to zero-trust network architecture
SafePay_441,5,10.5,6.4,48.0,Medium,Train staff on phishing; deploy EDR tool update
SafePay_442,6,10.4,6.9,51.0,Medium,Train staff on phishing; deploy EDR tool update
EcoTech_443,9,10.2,6.3,53.0,Medium,Train staff on phishing; deploy EDR tool update
SafePay_444,18,16.2,9.4,85.0,High,Urgent audit; migrate to zero-trust network architecture
BioTrace_445,3,2.7,2.0,16.0,Low,Maintain patch cycle; SOC audits bi-annually
SafePay_446,24,22.5,9.1,99.0,High,Urgent audit; migrate to zero-trust network architecture
SafePay_447,6,10.7,5.2,43.0,Medium,Train staff on phishing; deploy EDR tool update
EcoTech_448,6,6.3,5.8,42.0,Medium,Train staff on phishing; deploy EDR tool update
ZenithCyber_449,12,12.7,8.8,71.0,High,Urgent audit; migrate to zero-trust network architecture
CloudSecure_450,24,16.5,8.6,96.0,High,Urgent audit; migrate to zero-trust network architecture
SecureOps_451,7,8.2,6.8,46.0,Medium,Train staff on phishing; deploy EDR tool update
EcoTech_452,24,13.6,8.6,90.0,High,Urgent audit; migrate to zero-trust network architecture
HealthAI_453,1,2.9,3.2,16.0,Low,Maintain patch cycle; SOC audits bi-annually
AlphaGuard_454,10,6.7,5.1,47.0,Medium,Train staff on phishing; deploy EDR tool update
BioTrace_455,21,20.9,9.1,94.0,High,Urgent audit; migrate to zero-trust network architecture
FinFlow_456,2,3.5,3.5,20.0,Low,Maintain patch cycle; SOC audits bi-annually
AgroSmart_457,8,8.8,6.0,45.0,Medium,Train staff on phishing; deploy EDR tool update
CloudSecure_458,6,10.6,4.2,40.0,Low,Maintain patch cycle; SOC audits bi-annually
BioTrace_459,23,15.0,9.8,91.0,High,Urgent audit; migrate to zero-trust network architecture
SafePay_460,22,15.1,9.5,89.0,High,Urgent audit; migrate to zero-trust network architecture
SecureOps_461,5,7.1,4.5,37.0,Low,Maintain patch cycle; SOC audits bi-annually
FinFlow_462,2,1.3,1.8,11.0,Low,Maintain patch cycle; SOC audits bi-annually
AlphaGuard_463,18,20.0,9.2,91.0,High,Urgent audit; migrate to zero-trust network architecture
FinFlow_464,3,1.1,1.3,11.0,Low,Maintain patch cycle; SOC audits bi-annually
AlphaGuard_465,22,21.6,9.0,95.0,High,Urgent audit; migrate to zero-trust network architecture
ZenithCyber_466,1,1.8,1.3,11.0,Low,Maintain patch cycle; SOC audits bi-annually
EcoTech_467,21,21.6,8.5,92.0,High,Urgent audit; migrate to zero-trust network architecture
AgroSmart_468,22,22.6,8.6,100.0,High,Urgent audit; migrate to zero-trust network architecture
SafePay_469,7,7.8,4.8,42.0,Medium,Train staff on phishing; deploy EDR tool update
BioTrace_470,5,10.1,4.3,39.0,Low,Maintain patch cycle; SOC audits bi-annually
SecureOps_471,2,1.0,2.1,12.0,Low,Maintain patch cycle; SOC audits bi-annually
SecureOps_472,10,9.8,4.1,47.0,Medium,Train staff on phishing; deploy EDR tool update
CloudSecure_473,8,8.0,5.4,44.0,Medium,Train staff on phishing; deploy EDR tool update
FinFlow_474,3,1.9,0.5,10.0,Low,Maintain patch cycle; SOC audits bi-annually
LogiChain_475,5,7.0,5.9,43.0,Medium,Train staff on phishing; deploy EDR tool update
AgroSmart_476,6,9.7,4.3,43.0,Medium,Train staff on phishing; deploy EDR tool update
HealthAI_477,23,17.7,8.9,91.0,High,Urgent audit; migrate to zero-trust network architecture
FinFlow_478,17,13.4,8.0,80.0,High,Urgent audit; migrate to zero-trust network architecture
LogiChain_479,14,22.1,8.3,85.0,High,Urgent audit; migrate to zero-trust network architecture
LogiChain_480,15,12.9,9.5,79.0,High,Urgent audit; migrate to zero-trust network architecture
CyberNet_481,6,7.3,6.0,44.0,Medium,Train staff on phishing; deploy EDR tool update
HealthAI_482,14,17.0,9.6,80.0,High,Urgent audit; migrate to zero-trust network architecture
EcoTech_483,6,10.0,6.5,45.0,Medium,Train staff on phishing; deploy EDR tool update
AlphaGuard_484,12,12.4,9.6,70.0,Medium,Train staff on phishing; deploy EDR tool update
CyberNet_485,1,4.9,3.2,18.0,Low,Maintain patch cycle; SOC audits bi-annually
FinFlow_486,9,7.4,5.2,42.0,Medium,Train staff on phishing; deploy EDR tool update
DataShield_487,9,9.3,4.3,43.0,Medium,Train staff on phishing; deploy EDR tool update
FinFlow_488,16,19.5,9.3,90.0,High,Urgent audit; migrate to zero-trust network architecture
SecureOps_489,12,14.8,8.9,71.0,High,Urgent audit; migrate to zero-trust network architecture
DataShield_490,0,3.9,1.1,11.0,Low,Maintain patch cycle; SOC audits bi-annually
LogiChain_491,21,20.3,8.1,94.0,High,Urgent audit; migrate to zero-trust network architecture
ZenithCyber_492,2,2.5,1.3,12.0,Low,Maintain patch cycle; SOC audits bi-annually
AlphaGuard_493,2,1.2,3.4,16.0,Low,Maintain patch cycle; SOC audits bi-annually
CyberNet_494,0,2.0,0.7,10.0,Low,Maintain patch cycle; SOC audits bi-annually
HealthAI_495,19,23.4,8.0,91.0,High,Urgent audit; migrate to zero-trust network architecture
CloudSecure_496,8,6.9,4.9,43.0,Medium,Train staff on phishing; deploy EDR tool update
AlphaGuard_497,16,20.6,9.6,88.0,High,Urgent audit; migrate to zero-trust network architecture
EduSolve_498,5,10.3,6.0,42.0,Medium,Train staff on phishing; deploy EDR tool update
SecureOps_499,6,7.2,6.2,45.0,Medium,Train staff on phishing; deploy EDR tool update
AgroSmart_500,18,12.4,8.0,75.0,High,Urgent audit; migrate to zero-trust network architecture
SafePay_501,6,9.8,5.3,45.0,Medium,Train staff on phishing; deploy EDR tool update
BioTrace_502,12,22.2,9.9,85.0,High,Urgent audit; migrate to zero-trust network architecture
FinFlow_503,1,2.1,2.4,11.0,Low,Maintain patch cycle; SOC audits bi-annually
ZenithCyber_504,18,17.5,9.4,90.0,High,Urgent audit; migrate to zero-trust network architecture
AlphaGuard_505,10,7.4,4.5,46.0,Medium,Train staff on phishing; deploy EDR tool update
BioTrace_506,20,12.7,8.0,81.0,High,Urgent audit; migrate to zero-trust network architecture
CloudSecure_507,10,10.3,4.4,50.0,Medium,Train staff on phishing; deploy EDR tool update
DataShield_508,5,8.0,6.0,44.0,Medium,Train staff on phishing; deploy EDR tool update
AgroSmart_509,2,4.7,3.4,20.0,Low,Maintain patch cycle; SOC audits bi-annually
SafePay_510,5,9.6,4.5,41.0,Medium,Train staff on phishing; deploy EDR tool update
ZenithCyber_511,3,1.9,3.0,18.0,Low,Maintain patch cycle; SOC audits bi-annually
ZenithCyber_512,17,21.9,8.2,85.0,High,Urgent audit; migrate to zero-trust network architecture
InnoRisk_513,2,2.6,2.9,15.0,Low,Maintain patch cycle; SOC audits bi-annually
InnoRisk_514,9,9.7,6.1,53.0,Medium,Train staff on phishing; deploy EDR tool update
FinFlow_515,21,17.8,9.3,95.0,High,Urgent audit; migrate to zero-trust network architecture
SecureOps_516,7,7.0,6.8,45.0,Medium,Train staff on phishing; deploy EDR tool update
ZenithCyber_517,10,9.5,4.6,47.0,Medium,Train staff on phishing; deploy EDR tool update
HealthAI_518,7,7.1,4.8,41.0,Medium,Train staff on phishing; deploy EDR tool update
CyberNet_519,6,10.7,6.4,46.0,Medium,Train staff on phishing; deploy EDR tool update
SecureOps_520,0,3.2,1.5,10.0,Low,Maintain patch cycle; SOC audits bi-annually
FinFlow_521,23,12.3,8.7,86.0,High,Urgent audit; migrate to zero-trust network architecture
EcoTech_522,9,7.9,5.2,45.0,Medium,Train staff on phishing; deploy EDR tool update
DataShield_523,8,6.1,5.2,41.0,Medium,Train staff on phishing; deploy EDR tool update
ZenithCyber_524,1,4.6,1.0,14.0,Low,Maintain patch cycle; SOC audits bi-annually
CyberNet_525,14,12.1,9.5,77.0,High,Urgent audit; migrate to zero-trust network architecture
DataShield_526,6,9.8,6.6,45.0,Medium,Train staff on phishing; deploy EDR tool update
CyberNet_527,5,6.5,4.7,38.0,Low,Maintain patch cycle; SOC audits bi-annually
InnoRisk_528,24,23.5,9.3,100.0,High,Urgent audit; migrate to zero-trust network architecture
FinFlow_529,1,4.2,2.5,16.0,Low,Maintain patch cycle; SOC audits bi-annually
AgroSmart_530,2,2.2,1.1,11.0,Low,Maintain patch cycle; SOC audits bi-annually
AlphaGuard_531,9,6.9,5.9,47.0,Medium,Train staff on phishing; deploy EDR tool update
EcoTech_532,2,2.3,2.6,14.0,Low,Maintain patch cycle; SOC audits bi-annually
FinFlow_533,12,12.5,9.6,72.0,High,Urgent audit; migrate to zero-trust network architecture
DataShield_534,7,9.0,6.3,46.0,Medium,Train staff on phishing; deploy EDR tool update
LogiChain_535,17,23.8,8.8,94.0,High,Urgent audit; migrate to zero-trust network architecture
CyberNet_536,0,4.2,1.3,12.0,Low,Maintain patch cycle; SOC audits bi-annually
DataShield_537,1,1.6,1.7,10.0,Low,Maintain patch cycle; SOC audits bi-annually
BioTrace_538,1,2.4,3.2,15.0,Low,Maintain patch cycle; SOC audits bi-annually
EcoTech_539,8,8.6,4.4,41.0,Medium,Train staff on phishing; deploy EDR tool update
HealthAI_540,24,16.0,9.1,96.0,High,Urgent audit; migrate to zero-trust network architecture
SecureOps_541,1,4.2,0.7,11.0,Low,Maintain patch cycle; SOC audits bi-annually
AlphaGuard_542,15,21.1,8.6,84.0,High,Urgent audit; migrate to zero-trust network architecture
EduSolve_543,3,1.2,3.4,18.0,Low,Maintain patch cycle; SOC audits bi-annually
FinFlow_544,0,3.5,2.8,12.0,Low,Maintain patch cycle; SOC audits bi-annually
CyberNet_545,5,7.6,6.0,41.0,Medium,Train staff on phishing; deploy EDR tool update
AlphaGuard_546,12,16.1,8.4,73.0,High,Urgent audit; migrate to zero-trust network architecture
EduSolve_547,2,2.7,1.7,11.0,Low,Maintain patch cycle; SOC audits bi-annually
InnoRisk_548,14,12.6,9.9,74.0,High,Urgent audit; migrate to zero-trust network architecture
AlphaGuard_549,20,17.8,7.5,88.0,High,Urgent audit; migrate to zero-trust network architecture
EduSolve_550,1,4.9,2.3,18.0,Low,Maintain patch cycle; SOC audits bi-annually
